Date,CRY,BCOM,CLN9,NGN19,HGN9,GCQ9,C_N9,COU9,S_N9,LAN19,SIN9,CON9,LXN9,XBN9,SMN9,QSN9,SBN9,BON9,LNN9,W_N9,HON9,KCN9,LCQ9,LHN9,CTN9,LHM9,KWN9
2018-02-28,193.95,88.14,55.65,2.68,322.25,1367.0,417.75,59.86,1032.5,2165.25,17.05,60.37,3336.5,183.04,357.0,558.75,14.63,33.47,14016.0,553.75,185.26,136.5,110.35,79.45,76.7,78.43,579.0
2018-03-01,193.95,88.2,55.27,2.69,321.0,1353.8,420.25,59.34,1039.25,2169.0,16.92,59.81,3315.5,181.28,357.7,546.0,14.84,33.66,13681.0,573.5,183.65,138.2,110.3,79.13,77.2,78.1,596.0
2018-03-02,194.12,88.15,55.69,2.68,321.05,1372.0,419.75,59.74,1038.75,2173.25,17.12,60.22,3268.0,181.27,357.7,548.0,14.81,33.57,13669.0,566.0,184.02,137.1,110.05,79.0,76.93,78.78,584.25
2018-03-05,196.67,88.7,56.58,2.69,321.4,1368.3,421.5,60.74,1042.75,2175.0,17.07,61.26,3207.75,184.33,357.7,560.0,14.98,33.5,13647.5,575.25,186.86,136.25,110.63,79.23,77.64,79.0,592.25
2018-03-06,196.76,89.01,56.62,2.7,324.7,1383.7,422.0,60.92,1046.0,2181.5,17.45,61.45,3207.0,184.29,357.2,559.75,14.9,33.85,13896.0,575.25,187.42,136.3,111.0,79.4,77.83,79.18,591.75
2018-03-07,194.44,88.04,55.66,2.71,323.0,1375.7,422.25,59.9,1045.5,2134.0,17.15,60.39,3177.0,182.03,357.8,558.75,14.36,33.46,13817.0,570.75,185.17,135.95,111.0,79.4,77.66,79.18,586.75
2018-03-08,193.66,87.59,55.38,2.71,317.5,1370.2,425.25,59.57,1046.0,2146.0,17.17,60.01,3147.0,180.96,356.8,553.75,14.54,33.22,13493.5,574.5,183.75,135.8,109.78,79.33,77.82,79.18,587.25
2018-03-09,195.15,87.95,56.64,2.71,323.0,1372.7,423.0,60.91,1032.0,2161.25,17.28,61.39,3192.25,184.24,350.6,561.5,14.56,33.14,14080.0,567.5,187.48,135.5,109.88,79.33,78.29,79.18,578.25
2018-03-12,194.53,87.67,56.54,2.72,321.8,1369.5,423.0,60.75,1038.75,2136.0,17.21,61.22,3159.25,183.58,351.9,559.0,14.64,33.28,13901.0,568.0,186.1,135.0,109.98,79.0,78.38,78.85,582.5
2018-03-13,194.28,87.88,56.33,2.73,323.3,1376.1,424.75,60.71,1045.25,2147.75,17.3,61.17,3221.0,182.97,355.2,559.25,14.51,33.67,14096.5,567.5,186.1,137.0,109.55,78.95,78.42,78.8,581.0
2018-03-14,194.49,87.67,56.59,2.73,325.1,1374.5,423.25,60.89,1030.5,2131.0,17.21,61.35,3146.0,184.1,351.2,561.0,14.49,33.25,14057.5,570.0,186.82,136.5,110.0,79.4,78.28,79.25,588.0
2018-03-15,193.89,87.32,56.57,2.71,322.2,1366.5,421.25,60.91,1033.75,2127.0,17.08,61.39,3146.5,184.01,351.0,562.5,14.51,33.61,13852.0,560.5,186.93,134.6,109.0,79.9,78.36,79.75,577.25
2018-03-16,194.46,87.36,57.04,2.71,320.2,1361.1,419.0,61.46,1039.75,2123.75,16.94,62.0,3164.5,185.85,351.8,567.0,14.42,33.6,13847.0,550.75,188.92,133.8,108.85,79.9,78.42,79.75,564.75
2018-03-19,192.9,86.52,56.72,2.7,317.85,1366.5,413.25,61.1,1026.75,2127.25,16.99,61.64,3170.0,184.81,345.8,568.0,14.59,33.67,13699.0,535.25,188.31,134.8,108.25,79.38,77.65,79.23,546.5
2018-03-20,194.15,86.72,57.46,2.71,313.55,1361.1,413.0,61.93,1029.75,2113.0,16.87,62.52,3114.0,187.14,349.3,573.25,14.39,33.37,13672.0,536.0,190.82,134.5,107.63,79.2,78.13,79.05,548.75
2018-03-21,196.02,87.41,58.63,2.69,315.15,1371.5,412.5,63.47,1030.0,2116.25,17.11,64.13,3161.0,191.69,349.7,585.75,14.47,33.98,13674.5,538.25,195.24,134.45,107.43,78.95,78.28,78.58,549.5
2018-03-22,195.23,87.1,58.38,2.68,311.55,1377.1,414.0,63.01,1030.75,2111.5,17.07,63.64,3123.5,190.87,350.4,585.0,14.52,33.56,13403.0,541.0,194.43,134.5,108.2,78.63,78.2,78.13,557.5
2018-03-23,196.26,87.44,59.28,2.66,309.0,1399.9,416.0,63.96,1031.25,2089.25,17.27,64.62,3137.0,193.62,353.5,588.75,14.39,33.13,13161.5,545.5,197.25,133.1,107.88,77.78,77.87,77.65,567.0
2018-03-26,195.77,87.25,59.09,2.67,306.8,1405.5,413.5,63.73,1030.0,2093.25,17.38,64.37,3180.75,192.69,350.7,588.25,14.34,33.19,13164.0,541.25,197.16,133.8,107.43,77.63,77.9,77.0,557.0
2018-03-27,195.57,87.26,59.25,2.69,310.05,1392.3,413.25,63.87,1025.0,2090.25,17.23,64.5,3194.25,192.96,348.4,589.0,14.47,33.36,13208.5,536.0,197.28,134.55,107.38,77.18,77.81,76.9,551.5
2018-03-28,194.31,86.76,58.72,2.69,310.2,1374.3,413.0,63.39,1021.0,2074.5,16.93,63.97,3198.0,191.47,347.8,588.5,14.43,33.39,13339.5,532.0,196.16,133.4,107.95,77.55,77.41,77.4,548.75
2018-03-29,195.36,87.47,58.92,2.69,312.5,1371.4,425.5,63.63,1045.5,2049.25,16.94,64.25,3192.0,192.15,357.0,590.0,14.47,33.66,13510.0,535.25,196.83,133.65,106.25,77.15,77.89,77.0,554.75
2018-04-03,193.21,87.01,58.18,2.71,316.55,1381.9,427.0,62.85,1039.25,2017.75,17.05,63.43,3205.0,189.03,353.7,581.75,14.4,34.19,13673.0,541.25,194.12,132.35,105.53,76.38,78.17,76.05,572.0
2018-04-04,192.34,86.62,58.2,2.7,311.6,1385.0,420.5,62.83,1023.5,2035.0,16.91,63.4,3199.0,188.99,351.5,579.25,14.32,33.61,13362.0,542.0,193.41,132.7,106.4,76.0,77.7,76.15,573.25
2018-04-05,193.81,87.18,58.6,2.7,317.85,1373.4,429.25,63.23,1033.75,2051.0,17.0,63.81,3176.5,190.02,350.0,582.75,14.3,33.8,13538.5,550.25,193.64,133.3,107.6,75.5,78.35,75.6,584.5
2018-04-06,192.25,86.94,57.58,2.69,316.45,1381.2,429.25,62.18,1030.25,2079.75,17.01,62.73,3180.0,187.58,353.7,578.0,14.15,33.58,13488.5,558.0,191.75,133.0,106.88,75.25,78.34,75.35,595.0
2018-04-09,194.97,88.01,58.44,2.7,318.1,1384.9,430.25,63.01,1035.25,2145.5,17.16,63.63,3166.0,190.4,357.9,585.25,14.18,33.67,13648.5,572.25,193.73,134.0,106.75,76.0,78.51,76.65,607.0
2018-04-10,197.11,88.8,59.27,2.69,323.9,1390.8,430.0,64.22,1040.75,2210.0,17.2,64.95,3196.25,193.51,358.0,595.25,13.95,34.06,13895.0,574.5,197.84,133.05,106.4,75.78,78.42,76.43,607.0
2018-04-11,198.83,89.25,60.17,2.69,321.7,1405.3,428.25,65.23,1037.0,2237.5,17.38,65.99,3187.5,195.7,357.7,607.75,13.85,33.81,14055.5,571.75,200.03,133.6,106.3,76.93,78.44,77.48,605.5
2018-04-12,199.3,89.09,60.01,2.71,317.15,1386.7,429.5,64.87,1036.0,2276.0,17.08,65.64,3054.0,194.41,357.1,600.75,13.84,33.83,13899.0,566.25,199.14,133.2,108.0,77.3,78.57,77.7,598.5
2018-04-13,199.7,89.28,60.29,2.7,318.05,1393.0,426.5,65.31,1034.0,2247.0,17.27,66.12,3079.75,195.38,357.0,605.75,13.87,33.67,14111.0,558.5,200.05,132.9,107.85,77.15,78.72,77.55,589.5
2018-04-16,199.55,89.03,59.85,2.7,320.35,1395.7,423.0,64.77,1029.75,2351.5,17.28,65.54,3100.0,193.43,353.9,602.25,13.82,33.34,14423.0,550.25,198.26,130.35,107.6,76.9,78.26,77.3,577.75
2018-04-17,199.38,89.02,60.15,2.7,319.05,1394.4,422.0,64.93,1036.25,2370.25,17.38,65.71,3119.75,193.87,357.7,602.5,13.52,33.34,14338.0,552.5,198.71,129.9,107.75,77.0,78.31,77.4,580.5
2018-04-18,202.97,90.46,61.03,2.68,326.5,1398.6,424.25,65.92,1040.75,2457.0,17.85,66.81,3213.5,196.65,359.5,610.75,13.64,33.54,15395.0,560.0,202.01,130.85,108.45,77.65,78.34,78.2,586.25
2018-04-19,201.86,89.97,61.26,2.61,324.15,1393.9,423.25,66.4,1040.75,2391.0,17.84,67.27,3174.5,197.46,357.9,621.0,13.65,33.55,15208.0,561.25,203.48,130.05,107.25,77.45,78.35,78.0,591.0
2018-04-20,201.92,89.85,61.4,2.62,324.45,1383.3,418.5,66.62,1032.5,2367.0,17.76,67.52,3186.5,198.58,357.5,613.25,13.51,33.4,14965.5,549.0,204.83,131.35,107.48,77.35,78.71,77.9,576.5
2018-04-23,200.73,89.19,61.74,2.62,322.35,1369.1,419.75,67.2,1028.5,2284.0,17.21,68.1,3195.0,200.1,356.9,619.25,13.17,33.25,14420.5,546.5,206.26,132.5,108.6,77.18,78.88,77.73,572.75
2018-04-24,200.08,89.08,61.06,2.64,325.35,1378.2,422.25,66.47,1024.75,2228.0,17.34,67.34,3185.0,197.98,354.8,624.75,13.12,33.22,14149.0,555.25,204.72,133.9,108.0,76.7,77.81,77.25,580.5
2018-04-25,200.69,89.25,61.33,2.64,324.2,1368.0,428.25,66.67,1024.0,2231.0,17.14,67.56,3103.75,198.29,354.3,618.25,12.95,33.03,14311.0,568.25,204.82,132.4,108.3,76.6,78.72,77.15,594.75
2018-04-26,201.22,89.4,61.48,2.64,322.75,1363.1,427.5,67.03,1022.25,2248.0,17.13,67.94,3099.5,199.7,353.0,622.5,13.18,33.01,14406.0,559.0,205.81,133.1,108.4,76.18,78.41,76.73,588.75
2018-04-27,201.39,89.38,61.35,2.62,316.4,1368.7,430.25,66.97,1032.0,2199.0,17.05,67.89,3073.75,199.22,358.6,622.5,13.23,32.7,14054.0,567.0,205.46,135.75,108.5,75.83,78.6,76.13,596.5
2018-04-30,201.98,89.59,61.85,2.61,316.5,1364.2,431.75,67.71,1031.75,2241.5,16.95,68.65,3082.25,200.73,358.7,625.25,13.35,32.59,13832.0,572.0,207.46,136.1,107.7,75.4,78.68,76.05,600.5
2018-05-01,201.26,89.37,60.97,2.63,312.95,1351.5,436.0,66.9,1041.25,2245.5,16.67,67.74,3028.25,197.53,364.3,621.5,13.48,32.26,13837.5,585.5,204.64,138.3,107.93,76.3,78.36,76.1,613.25
2018-05-02,201.6,89.49,61.24,2.63,315.75,1350.4,435.75,66.91,1033.25,2299.5,16.92,67.79,3030.0,199.3,363.3,616.75,13.46,32.55,14164.0,589.0,206.09,137.3,108.43,75.78,78.82,76.0,616.5
2018-05-03,202.1,89.67,61.65,2.61,317.35,1357.5,438.0,67.08,1038.0,2231.0,16.99,67.96,3009.5,199.37,360.6,620.5,13.48,32.79,13959.0,596.75,206.1,137.8,109.5,75.8,78.93,75.9,627.5
2018-05-04,203.25,89.99,62.95,2.6,317.95,1359.8,437.0,68.44,1031.75,2287.5,17.07,69.35,3045.0,202.05,359.2,629.75,13.36,32.71,14211.5,588.25,209.81,136.2,109.23,76.15,79.68,76.28,618.75
2018-05-08,202.09,89.58,62.71,2.57,315.95,1358.9,437.0,68.38,1024.5,2266.5,17.03,69.28,3045.75,202.37,352.4,628.0,13.4,32.63,14084.0,582.5,209.14,133.35,108.2,75.58,79.83,76.2,611.0
2018-05-09,203.7,90.1,64.47,2.57,315.95,1358.1,437.25,70.4,1019.25,2253.0,17.1,71.36,3045.0,207.03,350.4,651.0,13.22,32.98,14125.5,579.25,214.34,132.55,107.7,75.63,80.04,76.25,606.75
2018-05-10,204.52,90.55,65.01,2.6,321.05,1367.3,436.5,70.9,1026.25,2273.0,17.32,71.87,3065.5,208.28,353.6,651.5,13.21,33.07,14085.5,574.75,215.55,133.35,108.2,76.1,80.02,76.53,603.0
2018-05-11,203.56,90.04,64.88,2.6,321.15,1365.6,432.0,70.94,1016.0,2240.5,17.31,71.88,3067.0,208.16,351.4,656.0,13.06,33.2,14255.5,569.0,215.73,133.25,108.2,76.0,80.17,76.05,594.75
2018-05-14,203.83,90.37,65.24,2.61,319.1,1362.9,432.0,71.63,1017.75,2275.0,17.2,72.6,3046.0,209.91,352.0,658.5,13.04,33.09,14702.0,563.0,217.57,131.5,106.58,76.2,79.99,76.35,587.5
2018-05-15,203.45,90.12,65.38,2.61,315.55,1334.8,435.5,72.24,1017.5,2283.5,16.81,73.19,3041.0,211.29,351.3,665.75,13.06,32.99,14627.5,562.5,218.53,130.8,105.53,75.3,80.25,75.3,588.5
2018-05-16,203.76,90.18,65.57,2.61,316.45,1336.3,434.5,73.04,1006.5,2257.0,16.92,73.99,3039.0,213.59,348.8,663.5,13.07,32.55,14678.0,563.0,220.16,131.0,105.05,75.55,80.84,75.5,592.0
2018-05-17,203.56,90.31,65.63,2.63,318.55,1334.1,431.0,73.4,1002.25,2259.5,17.03,74.3,3056.75,213.98,346.2,680.25,13.02,32.86,14797.0,567.0,221.73,131.6,105.3,76.0,81.77,76.05,597.0
2018-05-18,203.69,90.41,65.56,2.64,316.1,1335.4,437.25,73.23,999.75,2250.0,17.0,74.07,3053.0,213.8,344.7,675.5,13.03,32.88,14959.0,585.5,220.84,131.75,105.18,75.7,82.75,75.43,615.5
2018-05-21,205.69,90.97,66.38,2.64,319.65,1335.2,438.0,73.88,1022.5,2256.0,17.06,74.68,3058.0,215.7,350.7,674.0,13.17,33.29,14877.5,579.75,222.76,133.65,106.78,75.2,84.51,75.3,606.0
2018-05-22,206.2,91.42,66.35,2.67,322.6,1336.5,439.25,74.16,1027.75,2265.5,17.11,74.99,3021.5,216.19,350.8,683.5,13.48,33.44,14981.0,591.25,223.62,134.45,106.95,75.05,84.02,75.13,616.75
2018-05-23,206.38,91.57,66.27,2.68,316.65,1333.9,442.25,74.41,1035.75,2261.0,16.94,75.24,3000.5,216.62,354.3,677.25,13.65,33.61,14847.0,597.5,224.16,132.95,107.98,75.9,84.04,75.83,623.5
2018-05-24,205.66,91.51,65.46,2.68,319.1,1348.8,439.25,73.71,1035.5,2265.5,17.22,74.49,3000.5,214.25,353.5,677.5,13.64,33.63,15093.0,593.5,222.43,134.05,107.38,75.93,84.8,75.85,617.0
2018-05-25,203.34,90.92,63.39,2.68,317.1,1347.8,442.0,71.77,1038.75,2245.5,17.08,72.48,3017.0,209.3,354.7,661.0,13.7,33.3,14967.5,603.25,217.24,133.8,107.95,76.0,85.97,75.85,630.25
2018-05-29,201.82,90.28,62.54,2.66,315.5,1341.8,436.0,71.1,1028.25,2258.75,16.9,71.77,3051.5,206.67,352.3,653.0,13.58,33.17,15085.5,596.5,215.21,133.55,107.38,76.5,89.97,76.45,619.75
2018-05-30,203.29,90.72,63.51,2.65,315.85,1344.4,431.0,72.78,1031.25,2253.5,17.08,73.53,3085.0,210.59,351.6,664.5,13.67,33.47,15310.5,586.25,218.96,133.6,108.88,76.7,89.97,76.73,608.5
2018-05-31,202.84,90.72,62.9,2.67,315.8,1342.7,431.75,72.82,1032.5,2272.0,16.99,73.55,3054.0,210.11,353.3,668.5,13.89,33.05,15395.0,592.25,218.01,137.05,108.58,76.03,90.25,75.78,611.25
2018-06-01,201.71,90.45,62.64,2.69,319.0,1337.7,430.5,72.44,1035.25,2277.0,16.98,73.13,3057.0,208.77,354.1,657.75,13.72,33.03,15617.5,593.0,216.71,136.15,108.0,75.48,91.35,75.88,615.5
2018-06-04,198.86,89.43,61.97,2.67,322.0,1335.7,421.25,71.56,1022.25,2290.0,16.97,72.21,3076.0,204.23,351.3,653.75,13.34,32.77,15638.0,580.0,214.69,135.05,107.65,74.9,90.5,74.95,599.25
2018-06-05,199.19,89.7,62.28,2.65,328.25,1340.5,423.5,71.35,1025.25,2294.5,17.07,72.0,3149.5,204.03,354.6,647.75,13.42,32.6,15906.0,584.5,213.32,133.2,109.23,75.28,88.39,75.5,605.5
2018-06-06,199.01,89.77,62.0,2.65,334.3,1339.6,420.5,70.95,1022.25,2331.75,17.21,71.6,3143.5,202.87,354.8,646.5,13.43,32.46,15790.5,591.5,212.82,132.0,109.2,76.3,89.78,76.85,613.5
2018-06-07,199.49,90.05,62.86,2.67,335.2,1340.7,417.75,72.48,1011.5,2309.75,17.33,73.24,3134.5,207.31,352.9,658.75,12.99,32.38,15684.0,596.25,217.08,129.5,109.15,76.83,92.17,76.68,616.0
2018-06-08,200.04,89.98,62.79,2.65,338.0,1340.7,418.5,72.16,1005.5,2304.0,17.26,72.86,3164.0,206.62,352.0,658.75,13.32,32.2,15591.5,590.75,215.91,130.9,109.4,76.63,92.04,77.1,607.5
2018-06-11,199.39,89.65,63.1,2.67,333.65,1341.8,409.75,72.24,991.75,2302.0,17.47,72.92,3155.0,206.32,348.6,658.25,13.43,32.27,15467.5,586.25,216.27,130.6,108.4,76.9,91.35,77.0,600.5
2018-06-12,200.14,89.9,63.17,2.67,333.5,1338.1,419.25,71.87,995.75,2306.0,17.41,72.55,3158.75,205.67,351.0,658.5,13.43,31.92,15389.0,604.0,215.72,130.9,108.83,76.83,92.37,77.23,618.5
2018-06-13,200.09,89.97,63.75,2.68,333.9,1340.0,418.0,72.86,981.25,2282.5,17.51,73.51,3173.25,207.82,344.3,658.5,13.43,32.04,15802.0,590.0,217.65,130.05,108.4,76.9,92.34,77.2,608.0
2018-06-14,199.01,89.22,63.36,2.68,331.0,1347.0,406.25,71.92,973.0,2266.75,17.78,72.55,3144.5,205.45,341.4,656.25,13.31,32.16,15452.5,576.75,215.39,129.5,107.1,75.9,92.55,75.95,592.25
2018-06-15,196.24,87.7,61.54,2.7,323.7,1316.1,405.25,69.52,958.0,2219.75,16.98,70.12,3040.75,199.18,338.1,637.0,13.17,31.54,15358.0,569.5,208.74,129.05,108.4,75.83,89.6,75.95,588.5
2018-06-18,196.18,87.63,62.21,2.69,320.0,1317.9,400.0,71.02,957.25,2238.5,16.93,71.66,3029.0,202.77,335.1,643.0,13.1,31.61,15160.5,558.5,212.5,128.2,108.05,76.13,87.73,76.28,569.25
2018-06-19,193.82,86.58,61.76,2.66,314.3,1316.1,398.0,70.61,939.5,2190.25,16.81,71.25,2972.5,201.5,334.0,642.5,12.98,30.86,14842.0,545.75,211.72,127.95,108.65,75.28,83.92,75.93,558.75
2018-06-20,194.98,86.78,61.91,2.7,313.2,1312.0,398.0,70.25,939.75,2184.0,16.8,70.9,2963.5,199.85,331.8,643.75,12.97,31.25,15161.0,550.25,210.74,128.2,108.78,74.65,84.15,75.45,563.25
2018-06-21,194.4,86.42,61.08,2.7,310.9,1307.6,400.25,69.1,931.25,2195.75,16.82,69.69,2887.5,196.91,329.7,633.5,12.93,30.98,15173.0,555.25,207.22,127.9,108.58,74.33,83.99,74.78,565.0
2018-06-22,197.53,87.32,63.16,2.69,311.6,1307.8,400.25,71.13,944.0,2187.75,16.95,71.77,2882.5,202.71,334.6,643.25,13.09,31.14,15445.5,554.75,212.83,128.6,108.8,74.48,84.84,74.93,562.5
2018-06-25,195.34,86.17,63.01,2.69,308.15,1306.0,394.5,70.84,926.0,2168.5,16.82,71.42,2823.25,201.09,327.9,642.25,13.09,30.84,14917.0,543.25,211.37,128.75,107.03,74.35,84.85,74.7,551.0
2018-06-26,197.24,86.53,64.37,2.69,308.3,1296.6,396.0,72.33,918.25,2174.0,16.74,72.93,2806.0,204.25,325.8,646.0,13.2,30.78,14968.5,535.5,214.37,129.2,107.1,75.0,84.37,75.28,541.5
2018-06-27,198.95,87.14,65.24,2.71,307.5,1292.7,395.75,73.22,919.5,2193.0,16.64,73.92,2833.5,207.78,324.5,665.25,12.87,30.91,15063.5,536.25,217.91,129.05,107.08,74.85,84.44,75.15,543.0
2018-06-28,198.89,86.79,65.12,2.7,303.7,1287.2,389.0,73.1,914.0,2172.25,16.44,73.84,2852.5,207.36,324.6,662.0,13.05,30.87,14967.0,532.0,217.39,127.4,107.33,74.58,83.31,75.15,537.25
2018-06-29,200.39,87.41,65.59,2.7,303.15,1290.9,394.25,73.91,910.25,2151.25,16.6,74.78,2802.5,210.74,323.4,669.25,13.14,30.94,15073.0,548.5,219.72,126.85,108.98,73.35,83.84,73.85,551.0
2018-07-02,197.5,85.73,64.32,2.68,301.1,1277.2,383.0,72.57,902.0,2119.0,16.23,73.35,2786.0,206.55,322.8,658.75,12.56,30.57,14724.5,529.5,215.41,123.5,109.48,74.95,83.0,75.4,534.75
2018-07-03,197.48,85.93,64.29,2.69,298.6,1289.4,387.75,72.9,898.25,2106.5,16.44,73.7,2749.5,207.92,321.6,651.75,12.33,30.39,14627.0,537.0,216.2,123.65,109.85,75.23,82.75,75.83,546.25
2018-07-05,196.21,85.53,64.79,2.69,289.75,1294.5,388.25,73.17,890.25,2111.0,16.49,73.92,2664.0,207.96,320.5,663.5,12.31,30.23,14411.0,546.25,217.16,121.0,110.05,75.15,82.29,75.23,556.0
2018-07-06,198.05,86.21,65.19,2.69,289.65,1291.7,396.5,73.44,928.25,2109.75,16.47,74.17,2705.0,207.31,331.4,659.5,12.36,30.67,14159.0,557.5,216.83,125.85,110.0,75.15,84.64,75.25,564.25
2018-07-09,198.23,86.13,65.75,2.68,292.25,1295.8,391.0,74.26,907.25,2155.5,16.55,75.01,2692.0,210.17,321.8,666.5,12.31,30.48,14426.0,555.0,218.95,126.85,109.88,74.95,85.49,74.83,561.0
2018-07-10,198.29,85.76,66.09,2.66,291.5,1292.0,385.75,74.79,908.25,2134.0,16.5,75.57,2627.0,211.93,323.6,671.0,12.32,30.63,14373.0,543.25,221.25,126.7,109.9,72.93,85.61,72.73,552.0
2018-07-11,192.83,83.44,62.88,2.69,281.9,1280.2,378.0,71.19,885.25,2102.25,16.22,71.79,2552.5,201.98,316.1,661.0,12.21,30.05,14115.0,527.75,210.63,124.15,108.85,70.05,84.15,68.95,535.0
2018-07-12,194.0,84.01,64.08,2.67,285.4,1282.2,383.5,72.27,885.75,2089.5,16.39,72.91,2569.0,203.96,316.5,643.25,12.07,29.91,14430.0,535.0,212.75,123.55,109.65,71.43,88.15,70.88,541.0
2018-07-13,193.73,83.83,64.69,2.64,285.25,1276.6,379.25,72.73,871.75,2082.25,16.23,73.43,2557.5,205.92,313.1,654.5,11.91,29.64,14210.5,542.75,213.88,121.9,109.3,72.15,87.74,71.33,550.0
2018-07-16,191.17,82.84,62.27,2.64,283.8,1275.0,380.75,70.03,884.0,2103.25,16.22,70.6,2456.5,196.92,319.6,635.75,12.09,29.35,13899.0,535.25,206.31,122.3,110.1,71.6,87.59,70.7,542.25
2018-07-17,191.09,82.82,62.47,2.63,282.3,1262.1,384.5,70.37,892.25,2080.5,16.02,70.91,2493.5,198.33,317.5,634.5,12.08,29.38,13718.5,539.75,207.5,121.2,110.1,70.6,88.09,70.1,547.25
2018-07-18,191.47,83.12,63.08,2.62,283.35,1262.6,385.25,70.99,895.0,2077.5,15.97,71.53,2577.0,200.25,317.6,633.25,12.04,29.71,13839.5,541.25,209.31,120.2,111.4,70.85,88.09,70.58,546.75
2018-07-19,191.42,83.07,63.17,2.63,276.85,1257.9,388.75,70.88,898.5,2050.75,15.79,71.4,2522.5,200.38,320.1,640.25,11.91,29.45,13569.0,549.75,208.92,120.8,111.23,71.53,87.64,70.85,555.0
2018-07-20,192.62,83.68,63.48,2.62,282.65,1264.3,392.0,71.37,901.0,2070.25,15.93,71.89,2548.5,201.65,318.8,641.0,12.09,29.74,13753.0,560.5,209.87,122.55,111.93,70.7,87.11,70.05,565.75
2018-07-23,192.49,83.64,64.05,2.62,281.5,1258.2,395.0,72.13,899.5,2107.75,15.8,72.63,2527.5,203.4,319.1,648.5,12.09,29.51,13625.0,561.25,211.37,123.5,111.95,71.13,87.05,70.88,569.5
2018-07-24,193.19,84.07,64.38,2.63,288.05,1258.3,389.75,72.67,910.25,2124.75,15.89,73.18,2586.5,204.5,321.1,653.0,12.21,29.75,13822.0,558.75,212.96,122.7,111.78,71.83,86.87,71.55,566.0
2018-07-25,194.66,84.93,65.05,2.64,288.95,1264.5,396.0,73.33,912.75,2100.0,15.96,73.84,2553.0,206.81,322.4,654.5,12.32,29.99,13901.5,584.25,214.66,122.75,112.18,72.4,87.76,72.18,592.75
2018-07-26,194.99,84.95,65.49,2.63,288.75,1258.8,397.25,73.87,912.5,2102.0,15.86,74.38,2556.5,208.97,325.2,659.75,12.27,29.77,13995.5,576.5,216.48,121.2,111.05,71.8,88.08,71.43,587.5
2018-07-27,194.16,84.84,64.88,2.65,287.35,1256.2,397.75,73.28,921.75,2106.25,15.86,73.78,2567.5,207.58,324.5,661.25,12.19,30.23,14079.5,573.5,214.67,121.95,110.8,71.45,88.16,71.0,586.5
2018-07-30,195.75,85.38,65.69,2.67,286.7,1254.8,402.0,73.87,928.25,2129.75,15.9,74.41,2529.5,209.28,327.2,661.25,12.15,30.04,14077.0,587.5,216.42,122.8,110.45,71.9,88.71,71.43,598.0
2018-07-31,194.53,85.39,64.75,2.65,290.4,1257.0,406.75,72.66,954.25,2117.0,15.93,73.19,2596.0,206.39,334.7,654.0,11.88,30.48,14244.0,592.25,212.93,121.4,110.53,71.7,89.12,71.38,605.75
2018-08-01,191.64,84.25,63.5,2.62,282.55,1251.2,401.0,71.12,938.25,2087.5,15.82,71.61,2527.5,202.72,329.8,637.75,11.7,30.14,13806.0,596.75,208.77,119.6,111.75,71.35,88.33,70.98,612.25
2018-08-02,192.65,84.51,64.29,2.64,281.6,1243.4,403.75,72.0,935.75,2072.0,15.74,72.48,2529.0,204.79,329.5,643.5,11.81,29.84,13548.0,597.5,211.54,118.5,111.78,70.78,88.76,70.58,614.25
2018-08-03,193.23,84.9,64.21,2.66,284.3,1246.6,407.0,72.0,941.25,2066.5,15.82,72.48,2594.5,204.48,329.1,646.75,12.07,30.07,13775.0,597.75,211.32,119.4,112.73,72.55,88.18,72.3,615.75
2018-08-06,193.93,85.06,64.64,2.66,280.95,1241.1,408.5,72.56,932.5,2082.5,15.7,73.03,2534.75,205.39,327.4,652.0,12.16,30.0,13911.0,610.75,212.64,120.3,112.63,72.4,88.54,71.88,633.25
2018-08-07,194.49,85.48,65.35,2.68,282.75,1241.6,407.75,73.49,944.5,2080.25,15.73,73.99,2557.0,208.22,332.0,655.0,12.23,30.28,14068.0,605.25,214.81,120.3,111.08,72.15,88.35,71.78,626.25
2018-08-08,193.04,85.13,63.56,2.71,282.5,1244.3,408.0,71.43,949.5,2140.25,15.79,71.89,2560.5,202.09,334.9,643.0,12.11,30.12,14269.0,609.25,209.96,119.0,111.23,71.5,87.89,71.2,630.25
2018-08-09,192.43,84.89,63.69,2.72,283.9,1243.3,406.25,71.36,943.25,2106.25,15.83,71.77,2577.0,200.98,332.6,641.25,12.23,30.09,14105.0,604.25,209.18,118.6,110.85,74.23,88.22,74.03,626.0
2018-08-10,191.69,84.23,64.24,2.71,281.65,1242.4,396.0,71.95,906.0,2131.5,15.66,72.4,2505.5,203.24,321.4,647.0,11.95,29.61,14047.5,590.75,211.46,118.05,110.78,74.2,86.37,74.08,613.75
2018-08-13,190.3,83.54,63.84,2.72,280.45,1222.0,394.5,71.7,912.5,2107.5,15.35,72.17,2439.0,202.06,325.1,644.5,11.8,29.84,13803.0,581.25,210.96,117.3,110.3,73.85,84.03,73.78,599.0
2018-08-14,190.44,83.77,63.83,2.73,275.75,1223.7,400.5,71.6,921.25,2098.25,15.42,72.05,2423.5,202.91,330.0,644.75,11.7,29.75,13660.0,587.5,210.62,116.4,110.53,74.38,83.67,74.3,604.5
2018-08-15,186.95,82.17,62.37,2.73,263.7,1207.7,400.5,70.18,913.5,2056.5,14.81,70.55,2277.5,199.42,325.4,629.25,11.59,29.35,13079.5,578.75,207.13,114.0,110.88,75.0,81.92,75.03,595.0
2018-08-16,188.38,83.01,62.79,2.72,268.45,1206.8,404.25,70.69,939.75,2078.0,15.06,71.09,2363.5,200.04,331.4,634.5,11.59,29.61,13546.0,588.5,207.95,113.3,111.15,77.3,82.75,77.3,608.25
2018-08-17,188.74,83.35,62.99,2.73,269.8,1206.9,403.5,70.86,934.75,2060.0,14.98,71.25,2354.0,200.21,327.4,638.75,11.51,29.68,13690.0,596.75,208.35,112.7,111.9,78.3,82.48,78.6,617.0
2018-08-20,189.11,83.33,63.09,2.72,273.5,1217.3,401.5,71.19,935.75,2084.5,15.01,71.6,2341.5,201.76,327.2,637.75,11.44,30.02,13773.0,585.75,209.65,109.2,111.83,77.7,83.57,78.03,603.75
2018-08-21,190.01,83.44,63.38,2.73,275.85,1222.7,399.0,71.21,929.75,2083.25,15.11,71.67,2389.0,202.39,324.4,642.5,11.48,30.07,13778.0,575.0,210.35,110.0,111.28,78.5,84.05,78.8,594.75
2018-08-22,191.12,83.59,65.24,2.73,274.4,1226.0,391.75,73.16,915.5,2088.5,15.1,73.67,2430.0,207.23,320.5,654.25,11.47,29.68,13744.0,573.25,214.96,109.1,110.1,77.4,83.29,77.6,591.0
2018-08-23,190.5,83.11,65.26,2.73,272.95,1216.4,386.5,73.27,900.5,2095.0,14.89,73.78,2429.75,207.58,315.9,657.5,11.39,29.46,13493.0,570.75,215.42,109.55,109.65,77.25,82.67,77.25,588.25
2018-08-24,192.08,83.69,65.97,2.71,277.0,1236.1,387.75,73.95,901.75,2113.5,15.16,74.49,2495.0,209.6,317.4,667.25,11.42,29.54,13624.0,566.25,217.76,112.7,108.63,78.3,82.55,78.73,580.25
2018-08-28,191.71,83.36,65.96,2.66,280.2,1237.3,382.25,74.05,882.25,2152.0,15.16,74.6,2511.5,209.83,310.5,669.5,11.45,29.63,13870.0,554.25,218.11,111.15,109.93,78.65,84.34,78.9,564.0
2018-08-29,192.96,83.82,66.73,2.67,278.45,1234.2,383.0,74.97,884.75,2195.5,15.07,75.58,2487.25,212.29,310.4,670.0,11.41,29.5,13704.0,567.75,220.63,111.0,109.75,78.6,84.0,78.63,580.5
2018-08-30,192.8,83.62,67.29,2.67,276.3,1227.4,383.0,75.38,881.0,2157.75,14.86,75.99,2444.5,213.3,308.3,674.5,11.57,29.73,13495.5,561.75,221.72,110.7,110.3,77.68,83.46,77.88,571.5
2018-08-31,192.96,83.74,66.91,2.69,271.8,1229.1,390.5,74.96,891.0,2148.75,14.82,75.57,2429.5,212.25,311.5,677.0,11.62,29.82,13011.0,570.25,220.73,109.75,109.93,78.6,83.36,78.75,581.25
2018-09-04,192.12,83.13,67.24,2.65,265.25,1221.5,392.75,75.36,890.5,2088.5,14.43,75.99,2384.0,212.89,313.1,680.25,11.63,29.86,12673.5,562.0,221.66,109.4,111.2,79.65,83.71,79.85,567.25
2018-09-05,191.01,82.7,66.38,2.64,265.75,1223.9,390.75,74.52,885.0,2091.5,14.47,75.1,2390.5,210.85,312.3,672.25,11.98,29.68,12640.0,553.25,220.1,111.75,111.2,79.85,82.83,79.9,560.5
2018-09-06,189.78,82.43,65.59,2.62,268.4,1227.1,392.0,73.86,887.25,2066.5,14.42,74.43,2425.0,209.21,313.8,664.75,11.85,29.67,12646.5,547.25,217.85,110.3,111.2,80.23,82.4,80.73,552.0
2018-09-07,190.36,82.59,65.78,2.62,266.85,1223.4,392.75,74.17,891.75,2095.0,14.42,74.75,2399.5,210.07,316.1,664.0,12.02,29.41,12556.0,542.75,218.65,110.55,111.8,80.13,82.96,80.53,548.25
2018-09-10,191.02,82.93,65.95,2.63,267.3,1222.8,392.5,74.45,892.75,2114.0,14.44,75.06,2365.5,210.75,316.3,670.25,12.27,29.54,12612.0,560.5,219.47,109.5,112.2,79.78,84.63,80.08,564.5
2018-09-11,191.67,82.98,67.36,2.64,266.2,1225.2,392.0,75.74,879.25,2065.0,14.41,76.42,2291.0,214.38,312.7,676.75,12.31,29.25,12431.0,552.5,222.74,108.7,111.85,79.65,83.95,79.9,557.5
2018-09-12,193.36,83.47,68.37,2.65,271.8,1234.2,379.0,76.46,887.5,2089.75,14.55,77.14,2355.0,216.83,314.6,684.5,12.53,29.18,12814.0,545.0,224.18,110.3,112.73,80.45,83.59,80.55,546.5
2018-09-13,191.41,82.72,67.01,2.65,272.75,1231.5,377.5,75.11,882.5,2083.5,14.51,75.75,2338.75,213.29,312.2,673.75,12.61,29.0,12797.5,538.25,221.0,108.85,112.83,80.65,82.85,80.43,540.25
2018-09-14,190.48,82.46,67.3,2.62,269.1,1224.3,378.25,75.0,880.25,2061.25,14.41,75.61,2307.5,212.26,310.7,673.75,12.29,28.96,12846.0,550.25,219.7,107.95,114.1,80.68,83.05,80.4,552.5
2018-09-17,189.64,82.14,67.32,2.63,269.7,1228.9,374.75,75.19,874.0,2053.75,14.49,75.8,2295.75,212.44,309.1,676.25,11.88,28.91,12431.0,545.5,219.78,105.6,114.13,79.48,82.67,79.48,548.75
2018-09-18,190.56,82.74,68.02,2.65,276.95,1226.0,370.75,75.9,865.25,2063.0,14.45,76.55,2321.25,214.87,307.3,679.0,11.75,28.52,12590.0,546.5,222.04,104.0,113.68,80.48,80.51,80.3,552.0
2018-09-19,191.77,83.36,68.7,2.64,276.9,1231.6,373.0,76.22,880.25,2047.0,14.53,76.87,2399.0,216.06,311.6,681.25,11.87,28.64,12695.5,555.0,222.67,104.85,113.5,80.45,80.54,80.1,562.5
2018-09-20,192.71,83.88,68.46,2.67,277.6,1234.5,379.0,75.69,899.75,2064.0,14.56,76.33,2422.0,214.69,316.5,679.0,11.88,29.0,12803.0,556.25,221.09,107.8,113.65,80.15,80.23,79.88,562.0
2018-09-21,193.98,84.4,68.57,2.66,288.75,1224.4,383.25,75.75,897.75,2117.5,14.61,76.4,2458.75,214.61,311.8,679.0,11.91,29.48,13430.0,555.75,221.3,108.1,114.05,80.13,80.72,79.98,560.75
2018-09-24,194.78,84.85,70.02,2.67,287.15,1227.5,385.75,77.57,892.75,2094.0,14.59,78.31,2537.0,219.12,309.8,690.0,11.49,29.67,13138.0,559.25,226.77,106.75,113.63,80.68,80.18,80.48,564.75
2018-09-25,195.12,85.08,70.48,2.67,286.0,1228.3,388.75,78.17,897.0,2104.5,14.75,78.92,2478.5,220.57,311.2,700.5,11.39,29.77,13135.0,552.0,228.39,105.3,113.7,80.95,80.69,80.83,557.5
2018-09-26,193.97,84.7,69.97,2.67,286.55,1222.0,387.75,77.85,900.25,2097.0,14.66,78.55,2507.0,219.5,312.0,698.75,11.21,29.92,12997.0,548.25,227.53,105.85,114.53,80.03,80.25,79.83,557.0
2018-09-27,194.17,84.75,70.51,2.67,282.0,1210.1,389.25,78.4,905.25,2063.25,14.55,79.13,2476.0,221.42,312.4,699.75,11.17,30.28,12747.0,542.25,229.44,107.4,114.35,78.68,79.72,78.45,553.25
2018-09-28,195.16,85.2,71.51,2.68,284.0,1219.0,381.25,79.45,896.0,2090.75,14.98,80.24,2576.5,223.79,308.3,711.75,11.41,30.09,12778.0,540.75,232.05,110.6,114.48,80.4,78.94,80.18,550.0
2018-10-01,197.79,86.36,73.68,2.69,282.65,1214.7,390.25,81.51,907.25,2115.5,14.78,82.35,2623.5,229.04,312.0,721.75,11.81,30.38,12685.0,544.5,238.07,110.35,115.03,82.33,78.71,81.83,552.0
2018-10-02,199.97,87.15,73.77,2.72,284.25,1230.3,392.5,81.51,916.25,2150.5,14.96,82.33,2638.0,228.91,314.5,730.5,12.28,30.73,12696.5,554.5,238.23,115.75,115.23,82.28,78.61,81.85,563.75
2018-10-03,201.23,87.68,74.95,2.73,287.5,1226.3,389.75,82.87,913.0,2227.0,14.94,83.71,2603.25,231.1,311.6,730.75,12.51,30.87,12950.0,552.25,241.37,114.8,114.5,81.25,78.73,80.73,559.75
2018-10-04,198.79,86.79,73.21,2.73,281.85,1225.0,391.75,81.49,911.0,2186.0,14.87,82.28,2597.0,227.4,312.0,733.75,12.61,30.65,12672.0,553.75,237.64,115.2,114.48,81.15,78.46,80.38,562.0
2018-10-05,199.04,86.9,73.36,2.74,280.75,1229.6,392.25,81.53,919.0,2145.0,14.94,82.24,2571.0,227.51,317.7,730.0,12.85,30.46,12808.0,555.5,237.31,117.2,114.68,82.43,78.71,81.95,563.5
2018-10-08,199.76,86.93,73.22,2.76,281.25,1212.4,390.75,81.34,918.75,2089.5,14.61,82.02,2539.0,227.47,316.4,723.75,13.17,30.67,12765.0,549.5,237.36,120.15,114.98,82.58,79.84,82.18,557.0
2018-10-09,200.37,87.24,73.88,2.76,284.85,1215.3,389.0,82.19,914.0,2082.5,14.68,82.88,2597.0,228.1,315.9,732.0,13.24,30.32,13194.5,552.0,240.0,121.5,114.38,82.43,79.54,81.83,561.5
2018-10-10,198.12,86.39,72.36,2.76,282.0,1217.1,387.75,80.61,903.5,2076.0,14.61,81.24,2595.5,223.7,312.9,726.5,13.12,29.99,12859.0,548.75,236.5,120.25,113.75,81.85,79.52,81.48,558.5
2018-10-11,196.63,85.92,70.19,2.76,284.2,1251.8,394.0,78.18,910.25,2046.0,14.89,78.7,2570.0,215.67,314.9,709.5,13.17,30.09,12848.0,548.0,230.64,121.25,113.7,80.55,79.66,80.03,557.25
2018-10-12,197.94,86.24,70.54,2.76,283.7,1245.8,397.75,78.34,919.25,2067.75,14.91,78.88,2605.0,215.92,316.1,707.5,13.28,30.46,12820.0,555.5,230.03,124.85,113.05,79.85,80.99,79.35,567.25
2018-10-15,199.74,87.13,70.93,2.77,282.85,1254.4,402.25,78.87,941.5,2054.5,15.01,79.45,2559.5,215.81,325.1,707.5,13.61,30.79,12768.5,560.25,230.7,127.7,113.83,80.73,81.15,80.15,572.75
2018-10-16,199.72,87.03,71.23,2.77,282.4,1254.8,399.25,79.47,934.75,2066.5,14.98,80.07,2569.0,217.94,321.2,707.5,13.45,30.68,12747.0,559.25,231.88,126.1,113.5,80.93,81.2,80.3,568.5
2018-10-17,198.9,86.7,69.55,2.77,281.9,1251.0,398.5,78.15,935.25,2053.5,14.95,78.7,2628.5,213.57,321.9,703.0,13.83,30.62,12529.5,554.5,229.31,131.05,113.13,80.73,81.14,79.95,563.0
2018-10-18,196.63,85.75,68.64,2.75,279.05,1254.1,395.75,77.14,913.75,2043.25,14.88,77.73,2648.5,211.55,316.0,702.25,13.95,30.05,12507.5,551.75,227.39,130.7,112.95,79.5,81.29,78.65,557.75
2018-10-19,197.18,85.95,69.31,2.77,281.95,1252.8,392.75,77.62,907.5,2033.5,14.93,78.21,2592.0,213.12,313.4,701.5,14.07,30.15,12611.0,552.75,228.27,130.75,112.43,78.73,81.23,77.95,560.25
2018-10-22,197.25,85.78,69.74,2.74,282.8,1248.9,394.75,77.99,910.25,2039.0,14.87,78.55,2615.0,213.37,315.4,701.75,14.0,30.17,12687.5,546.5,229.39,126.35,113.5,79.23,82.97,78.43,552.25
2018-10-23,194.97,85.14,67.04,2.76,280.55,1261.1,395.75,75.22,909.25,2033.5,15.08,75.66,2635.5,206.12,315.7,689.5,13.97,29.76,12534.0,548.5,222.95,129.75,113.05,80.5,82.31,79.78,553.25
2018-10-24,194.47,84.79,67.24,2.73,280.35,1255.3,394.0,75.43,902.25,2030.0,14.96,75.86,2625.0,205.1,312.2,685.5,14.09,29.61,12381.0,539.25,223.06,129.0,113.78,82.98,81.01,82.25,544.75
2018-10-25,194.79,84.62,67.66,2.72,279.85,1256.6,387.25,75.89,893.75,2026.75,14.91,76.33,2598.0,205.0,310.0,690.5,14.05,29.41,12305.0,528.25,225.07,130.0,112.9,82.8,81.04,82.2,536.0
2018-10-26,195.51,85.0,67.98,2.71,278.15,1260.0,393.75,76.42,896.5,2031.0,14.98,76.9,2610.0,204.55,312.6,693.25,13.95,29.21,12043.5,543.5,226.9,128.35,113.63,83.03,81.48,82.83,549.0
2018-10-29,193.42,84.4,67.72,2.71,278.35,1251.5,393.0,76.31,891.25,2016.75,14.73,76.77,2584.5,204.65,311.7,693.0,13.64,28.95,11888.0,544.75,225.51,123.0,113.75,83.2,80.54,82.95,550.75
2018-10-30,191.76,83.58,66.76,2.7,270.5,1249.3,391.0,75.03,886.5,1997.25,14.75,75.46,2514.0,202.44,309.3,686.0,13.49,29.05,11900.0,536.5,222.98,121.2,113.1,83.23,80.34,82.9,543.0
2018-10-31,190.97,83.19,66.06,2.72,269.85,1238.7,389.75,74.44,891.25,1982.75,14.57,74.81,2456.0,199.09,311.8,688.5,13.35,29.04,11633.0,534.0,221.85,121.4,113.53,82.35,80.35,81.78,539.5
2018-11-01,191.64,83.58,64.41,2.71,275.95,1262.8,392.75,72.52,920.0,1994.75,15.07,72.84,2503.0,195.13,320.3,665.25,13.32,29.42,11914.0,540.5,216.96,126.5,114.13,83.55,82.47,82.93,547.0
2018-11-02,192.3,83.88,63.98,2.71,284.2,1257.7,397.0,72.41,925.5,2002.0,15.05,72.7,2516.5,194.76,318.0,660.75,13.64,29.28,12062.0,542.75,214.66,128.9,114.23,83.63,82.51,82.88,548.5
2018-11-05,192.58,84.2,63.93,2.75,279.55,1256.8,399.5,72.68,923.5,2005.5,14.94,72.95,2491.0,193.9,317.3,665.25,13.38,29.0,11884.0,542.75,215.76,126.15,112.65,83.23,82.67,82.45,548.75
2018-11-06,191.21,83.67,63.17,2.76,276.95,1250.7,398.75,72.08,922.0,1982.75,14.79,72.29,2472.5,192.98,317.4,656.25,13.18,28.98,11907.0,546.25,214.86,123.05,112.65,81.08,81.79,80.23,552.25
2018-11-07,191.34,83.73,63.08,2.76,279.3,1253.1,397.5,72.42,918.5,2019.5,14.87,72.54,2424.5,188.87,316.2,662.75,13.22,29.28,11956.0,541.75,218.16,124.95,112.55,82.65,83.05,81.38,545.25
2018-11-08,189.71,83.27,62.18,2.77,277.5,1249.7,399.25,71.57,918.25,2023.5,14.73,71.65,2483.5,187.39,316.0,661.5,13.12,29.1,11914.0,539.75,213.02,125.7,112.95,82.68,82.92,81.35,544.25
2018-11-09,188.45,82.89,61.48,2.79,272.1,1233.0,396.0,71.0,926.5,1987.25,14.45,71.13,2482.25,185.28,315.8,648.75,13.02,28.7,11607.0,526.0,212.95,123.15,111.93,83.15,82.45,81.25,533.5
2018-11-12,187.99,83.05,61.2,2.8,271.5,1227.5,397.25,70.87,923.25,1975.0,14.32,71.04,2458.0,185.38,315.8,656.75,13.22,28.76,11535.0,541.5,212.22,119.65,111.93,84.75,80.78,82.73,539.75
2018-11-13,184.54,82.45,57.03,2.78,272.85,1225.7,393.25,66.66,918.0,1969.5,14.29,66.73,2451.0,175.68,314.8,630.75,12.9,28.62,11478.0,535.25,203.04,118.4,112.45,84.45,80.15,82.63,535.5
2018-11-14,188.06,84.73,57.63,2.77,274.8,1234.3,392.25,67.24,923.25,1980.0,14.39,67.34,2451.0,177.53,316.2,631.5,12.92,28.69,11439.5,530.25,205.06,121.75,112.05,83.53,80.75,82.08,529.5
2018-11-15,185.54,82.85,57.72,2.71,277.8,1239.5,392.5,67.19,928.0,1968.0,14.57,67.39,2525.5,178.22,315.7,627.75,12.91,28.78,11379.5,531.75,203.48,119.25,112.2,84.03,80.68,82.83,527.25
2018-11-16,187.3,83.91,57.67,2.72,281.25,1247.1,390.0,67.23,930.5,1978.5,14.7,67.49,2558.0,180.0,320.6,624.0,12.95,28.46,11480.0,530.75,203.12,121.75,111.88,84.78,80.71,84.03,529.25
2018-11-19,188.76,84.83,57.82,2.78,279.9,1249.2,387.75,67.27,913.0,1963.0,14.71,67.54,2546.5,180.53,315.7,619.5,13.04,28.37,11298.5,522.25,203.5,122.1,112.03,85.53,80.49,85.05,521.5
2018-11-20,183.78,82.99,54.04,2.74,277.65,1245.1,386.75,63.28,920.0,1971.75,14.57,63.46,2504.5,170.44,317.9,601.25,12.72,28.35,11216.0,523.75,194.25,120.4,112.2,85.45,79.87,84.95,520.75
2018-11-21,185.0,83.37,55.37,2.73,280.75,1251.9,387.25,64.46,922.25,1987.75,14.81,64.58,2519.5,172.72,316.8,598.25,12.88,28.82,11144.0,521.5,194.1,119.55,112.85,85.5,81.01,85.18,516.5
2018-11-23,179.6,81.48,51.26,2.79,279.4,1247.5,385.5,59.91,920.25,1986.5,14.56,59.89,2465.0,161.57,316.7,568.75,12.7,28.66,11039.5,520.25,184.96,116.5,113.33,85.88,79.71,85.4,511.0
2018-11-26,180.3,81.46,52.41,2.77,278.2,1247.1,382.75,61.2,902.75,1989.0,14.53,61.23,2444.0,165.4,313.7,577.25,12.72,28.0,11000.5,525.0,187.01,116.3,113.33,84.98,80.88,84.35,515.75
2018-11-27,179.92,81.14,52.38,2.79,273.8,1237.9,382.5,61.16,915.5,1968.0,14.41,61.15,2390.5,164.86,315.9,573.5,12.59,28.23,10902.0,519.5,186.44,118.75,113.05,83.85,80.18,83.18,509.5
2018-11-28,181.22,82.47,51.28,2.82,282.1,1247.7,387.0,60.05,930.0,1968.25,14.64,59.98,2405.0,161.91,318.8,564.5,13.03,28.81,10927.0,526.25,182.83,119.35,112.9,83.2,81.01,82.48,517.5
2018-11-29,182.31,82.64,52.31,2.79,279.8,1248.3,387.0,60.74,926.25,1974.0,14.58,60.69,2424.0,166.05,317.8,563.0,13.06,28.72,11184.5,521.5,183.85,117.8,111.68,84.43,80.8,84.0,516.25
2018-11-30,181.74,82.56,51.66,2.81,279.35,1244.0,391.5,59.94,932.5,1989.25,14.4,59.99,2483.0,162.98,319.1,553.0,13.06,28.84,11324.0,527.25,182.15,113.15,111.58,84.28,81.0,83.78,521.5
2018-12-03,183.51,82.96,53.92,2.84,282.05,1257.7,396.25,62.13,942.75,2002.0,14.68,62.21,2526.5,167.15,323.1,570.25,13.11,29.3,11370.5,533.75,187.15,113.35,111.05,83.73,82.03,83.18,530.0
2018-12-04,184.14,83.4,54.46,2.88,277.65,1264.9,398.25,62.74,948.75,2001.0,14.82,62.76,2539.0,168.44,323.6,579.0,12.95,29.62,11268.5,532.75,188.39,112.45,111.88,83.7,81.89,83.18,527.0
2018-12-05,183.75,83.36,54.22,2.89,278.55,1260.9,397.5,62.39,950.25,1996.0,14.76,62.4,2569.5,167.56,323.2,582.25,12.92,29.55,11342.5,527.75,187.74,111.5,112.68,84.95,82.78,84.45,519.5
2018-12-06,181.3,82.27,52.97,2.88,275.35,1261.8,396.25,61.13,946.25,1963.0,14.69,61.1,2527.0,165.44,322.2,556.0,12.83,29.46,10959.5,525.5,184.74,111.8,112.05,84.13,81.12,83.63,517.25
2018-12-07,184.15,83.49,54.0,2.92,276.35,1271.2,399.25,62.32,953.25,1982.75,14.87,62.39,2515.5,170.05,321.6,584.75,13.07,29.54,11019.5,540.0,187.33,109.9,112.23,84.5,81.73,84.0,532.0
2018-12-10,181.65,82.73,52.35,2.9,272.7,1267.9,397.75,60.55,947.25,1967.75,14.78,60.62,2518.5,164.36,320.8,568.5,12.92,29.58,10905.5,537.25,183.06,111.0,112.4,84.15,81.46,83.45,530.75
2018-12-11,181.8,82.62,52.78,2.93,276.6,1265.7,398.75,60.86,952.75,1970.0,14.8,60.92,2532.5,165.74,321.5,566.5,13.02,29.77,10875.5,536.0,183.49,108.35,113.2,84.3,81.72,83.53,527.5
2018-12-12,181.2,82.19,52.61,2.87,276.5,1268.6,398.75,60.8,957.25,1968.0,15.02,60.85,2518.5,164.89,323.7,570.5,12.93,29.84,10897.5,538.75,183.59,108.8,113.45,84.55,81.55,83.7,532.0
2018-12-13,183.03,82.51,54.08,2.84,276.3,1266.0,398.25,62.14,945.0,1960.5,15.02,62.2,2525.0,169.73,320.6,563.5,12.9,29.63,10951.0,547.5,186.25,109.9,113.85,84.03,81.02,82.98,539.5
2018-12-14,180.31,81.27,52.92,2.86,276.6,1260.0,398.75,61.09,938.75,1950.25,14.8,61.11,2514.5,165.91,319.1,562.25,12.86,29.32,11184.5,542.75,183.08,108.1,113.68,84.03,81.34,83.18,538.5
2018-12-17,177.92,80.26,51.96,2.79,276.05,1270.5,398.25,60.46,943.0,1959.0,14.93,60.42,2501.0,163.74,321.0,556.75,12.73,29.03,11088.5,547.75,181.48,106.1,112.75,83.28,80.64,82.38,543.75
2018-12-18,174.42,79.68,48.38,2.85,267.0,1272.0,400.0,57.08,945.75,1945.75,14.87,57.01,2482.5,156.22,322.1,536.75,12.53,29.23,10939.0,545.75,173.58,105.4,113.23,82.53,80.08,81.48,539.5
2018-12-19,176.21,79.96,49.85,2.85,271.8,1274.8,396.75,58.31,937.75,1945.25,14.99,58.25,2502.0,158.61,319.4,542.5,12.67,29.26,11055.5,537.0,177.93,106.8,113.3,82.68,79.13,81.7,531.5
2018-12-20,172.67,78.81,47.55,2.85,270.15,1286.6,390.25,55.79,931.25,1936.75,15.04,55.63,2511.5,152.56,318.8,527.25,12.63,28.99,11017.0,538.25,172.11,108.4,113.48,82.7,77.7,81.68,532.25
2018-12-21,172.13,78.7,47.28,2.92,267.85,1276.6,393.5,55.16,923.0,1937.0,14.87,55.01,2475.0,151.69,316.8,522.0,12.54,28.68,10981.0,528.75,170.87,105.7,113.3,83.05,75.96,82.15,525.5
2018-12-24,168.36,77.21,44.27,2.85,266.75,1290.3,392.75,51.95,922.5,1922.5,14.99,51.78,2451.0,144.55,318.4,520.75,12.58,28.54,10997.5,532.0,164.38,108.15,113.53,82.7,75.04,81.78,526.5
2018-12-27,170.49,77.8,46.39,2.91,267.7,1299.7,389.5,54.0,908.5,1884.75,15.48,53.79,2472.5,148.58,315.4,513.25,12.44,28.18,10868.0,525.75,167.4,107.75,113.73,82.45,74.28,81.75,518.75
2018-12-28,170.97,77.59,46.95,2.87,268.8,1301.7,390.5,54.32,921.0,1877.75,15.61,54.18,2418.5,150.15,319.8,503.75,12.55,28.36,10833.0,526.25,166.28,106.95,114.08,82.28,74.52,81.53,519.75
2018-12-31,169.8,76.72,47.3,2.76,264.1,1300.2,390.75,54.92,920.25,1876.0,15.71,54.76,2447.5,150.42,316.6,517.75,12.24,28.38,10793.0,518.5,167.57,107.8,114.18,82.48,74.63,81.45,512.5
2019-01-02,170.39,76.99,48.54,2.68,263.75,1303.1,391.0,56.15,931.25,1832.0,15.82,55.95,2391.5,153.12,321.6,525.5,12.17,28.71,10978.0,520.25,170.31,105.45,114.48,82.8,73.58,81.78,514.25
2019-01-03,171.55,77.45,49.09,2.68,258.05,1313.8,394.75,57.03,937.25,1870.5,15.97,56.86,2356.5,155.97,323.3,518.75,11.99,28.97,10973.0,527.0,173.61,107.95,114.28,83.05,73.65,82.28,525.5
2019-01-04,173.35,78.34,49.96,2.74,265.7,1304.9,398.25,57.97,946.0,1901.5,15.97,57.85,2414.0,157.42,325.5,534.75,12.16,29.18,11207.0,529.5,176.0,107.5,113.35,82.43,75.29,81.53,528.0
2019-01-07,174.64,78.57,50.42,2.75,264.8,1309.0,397.5,58.4,948.75,1915.0,15.94,58.27,2472.0,157.07,328.6,547.25,12.85,29.07,11251.0,527.0,177.26,108.55,114.05,81.98,75.4,81.08,525.0
2019-01-08,175.96,78.95,51.74,2.77,267.1,1304.9,395.75,59.62,943.5,1902.0,15.9,59.51,2465.5,159.2,328.4,551.0,13.04,28.98,11281.0,529.0,181.91,110.95,114.45,82.0,74.4,81.13,527.0
2019-01-09,179.04,79.91,54.3,2.8,267.25,1311.1,397.5,62.18,949.0,1889.0,15.92,62.14,2470.0,165.72,330.2,565.25,13.15,29.16,11348.0,530.75,187.33,111.4,114.05,82.83,75.66,82.0,527.0
2019-01-10,178.6,79.49,54.53,2.8,265.45,1306.8,392.25,62.33,932.25,1897.5,15.83,62.29,2441.0,166.47,324.3,574.0,12.92,28.78,11343.0,524.25,189.66,110.6,114.2,82.4,75.67,81.4,519.5
2019-01-11,178.08,79.66,53.46,2.84,268.05,1309.1,394.25,61.11,936.25,1872.25,15.84,61.09,2475.0,163.8,322.7,571.25,13.01,28.99,11551.5,529.5,186.5,110.1,114.28,81.08,75.27,79.9,525.75
2019-01-14,177.79,79.9,52.3,2.94,265.25,1311.0,394.75,59.77,930.0,1861.75,15.87,59.72,2464.5,160.16,319.8,568.0,13.0,28.98,11477.5,524.5,183.2,109.15,113.98,80.18,75.79,78.93,519.75
2019-01-15,178.98,80.1,53.78,2.88,264.7,1307.4,387.5,61.24,919.75,1874.25,15.8,61.24,2426.0,163.72,316.9,559.0,13.33,28.81,11751.5,520.5,185.74,107.35,113.63,80.1,74.89,78.65,517.0
2019-01-16,179.64,80.26,54.09,2.87,268.35,1312.6,390.0,61.67,920.75,1888.75,15.82,61.7,2471.0,164.47,317.6,570.5,13.43,28.79,11710.5,523.0,188.23,108.25,113.9,79.75,75.71,78.18,517.25
2019-01-17,179.76,80.45,53.91,2.9,269.35,1311.1,395.5,61.41,934.0,1887.0,15.72,61.47,2519.5,164.82,319.6,565.75,13.15,29.33,11667.0,528.25,187.26,108.25,113.13,79.35,76.79,77.88,524.5
2019-01-18,182.21,81.38,55.27,2.94,273.1,1301.3,397.25,62.65,942.5,1895.5,15.58,62.76,2554.0,167.59,322.3,576.25,13.3,29.59,11895.0,528.75,189.9,110.75,113.6,80.7,76.59,79.38,524.5
2019-01-22,178.99,80.09,54.44,2.9,267.55,1301.9,395.0,61.64,935.75,1907.25,15.5,61.67,2546.5,163.73,320.4,568.25,13.2,29.64,11664.0,532.75,188.53,109.35,112.93,81.3,75.83,79.68,528.25
2019-01-23,178.66,80.07,54.09,2.88,267.25,1302.9,395.25,61.32,941.75,1931.75,15.56,61.33,2590.5,162.97,320.5,571.25,13.21,29.98,11780.0,537.5,188.22,109.4,113.68,81.15,76.11,79.28,533.0
2019-01-24,179.24,80.21,54.45,2.93,266.15,1298.4,393.5,61.44,942.5,1913.25,15.48,61.45,2610.5,163.63,320.2,571.0,13.26,30.11,11846.0,534.0,187.98,111.2,113.95,80.35,75.91,78.38,530.25
2019-01-25,180.68,81.07,54.96,2.95,274.25,1316.8,396.5,61.76,951.75,1942.0,15.88,61.81,2643.0,164.01,321.7,572.75,12.75,30.64,12039.0,533.0,188.9,112.65,113.5,79.23,76.87,77.15,529.25
2019-01-28,177.47,79.87,53.35,2.9,269.7,1322.1,396.25,59.96,949.75,1888.25,15.95,59.99,2649.25,159.18,320.0,560.0,13.05,30.92,11895.5,531.25,184.0,108.55,113.73,78.68,76.64,76.73,526.75
2019-01-29,179.18,80.5,54.58,2.93,274.2,1327.9,393.75,61.26,945.25,1914.5,16.03,61.33,2624.5,161.7,319.6,574.25,12.96,30.74,12190.0,525.0,189.43,108.55,113.88,78.15,76.77,76.3,520.0
2019-01-30,180.11,80.88,55.25,2.91,278.2,1328.1,397.5,61.56,947.5,1929.5,16.11,61.66,2658.5,163.4,318.9,579.75,12.86,31.05,12417.0,528.0,189.69,108.1,114.08,77.85,77.02,76.13,522.0
2019-01-31,179.64,80.73,54.86,2.87,280.05,1337.8,392.75,60.89,942.0,1930.5,16.26,60.99,2687.0,160.75,317.8,582.5,13.01,30.79,12548.5,527.0,187.73,111.75,112.58,77.4,76.9,75.3,519.0
2019-02-01,180.55,80.97,56.5,2.8,278.8,1334.7,394.75,62.67,944.25,1905.5,16.12,62.8,2747.0,165.67,319.6,578.5,12.83,30.51,12721.0,532.0,191.59,109.55,113.0,78.1,76.21,76.05,526.0
2019-02-04,180.61,81.1,56.05,2.75,280.6,1332.0,395.25,62.49,945.0,1940.25,16.08,62.62,2776.0,164.46,318.4,579.75,13.01,30.74,13322.0,533.25,190.87,111.3,113.85,79.73,75.44,77.68,526.5
2019-02-05,179.95,80.88,55.33,2.76,282.9,1332.1,396.5,62.05,947.5,1940.75,16.03,62.13,2717.0,163.41,317.5,579.75,13.01,30.98,13097.0,530.75,189.76,110.55,113.88,78.68,76.04,76.48,521.5
2019-02-06,180.56,80.99,55.71,2.77,284.6,1327.2,395.75,62.63,949.25,1926.5,15.89,62.74,2679.5,165.77,316.9,582.5,13.09,31.49,12982.5,532.25,191.32,111.15,113.75,78.43,76.22,76.1,522.25
2019-02-07,178.1,80.04,54.37,2.71,284.05,1326.9,392.25,61.48,941.0,1909.75,15.91,61.6,2714.5,163.02,313.5,573.75,12.93,31.43,13048.5,521.75,189.77,109.85,113.88,77.58,75.31,75.38,511.25
2019-02-08,178.04,80.07,54.45,2.74,282.45,1331.1,390.0,61.76,942.25,1897.75,16.0,61.93,2684.0,164.36,314.0,579.0,12.86,31.49,12632.25,522.25,190.43,108.3,114.58,76.48,75.01,74.38,509.0
2019-02-11,177.11,79.66,54.24,2.79,280.1,1324.5,388.5,61.34,933.0,1896.75,15.89,61.47,2626.0,162.78,312.8,574.5,12.69,30.88,12546.5,522.75,188.98,106.0,114.8,77.93,73.13,75.65,507.25
2019-02-12,178.21,80.1,54.98,2.83,278.15,1326.5,393.75,62.11,945.0,1878.75,15.88,62.29,2589.5,164.1,317.3,582.0,12.8,30.99,12465.0,522.0,190.77,106.25,114.73,79.65,72.44,77.23,503.75
2019-02-13,178.72,80.16,55.89,2.75,278.25,1327.6,394.5,63.18,943.75,1877.0,15.84,63.39,2576.25,167.47,318.1,592.0,12.74,30.68,12460.0,526.5,193.94,104.95,114.28,80.43,72.74,77.58,507.0
2019-02-14,178.72,79.96,56.37,2.74,278.65,1326.4,390.75,64.0,931.25,1866.75,15.72,64.24,2570.0,170.07,313.7,595.25,12.6,30.57,12252.75,513.25,196.68,104.05,114.65,80.0,73.07,76.48,495.75
2019-02-15,181.33,80.96,57.59,2.78,280.9,1334.6,390.5,65.72,935.0,1876.25,15.94,65.96,2632.0,175.27,314.6,612.0,13.14,30.62,12452.5,509.25,201.57,104.3,114.38,80.03,73.24,76.73,493.25
2019-02-19,182.24,81.29,57.96,2.82,288.2,1357.4,386.0,66.04,928.0,1871.75,16.16,66.25,2637.0,175.28,313.4,610.0,13.4,30.41,12711.0,496.5,200.17,103.55,114.73,77.03,73.48,73.73,478.25
2019-02-20,183.27,81.68,58.57,2.79,292.25,1360.5,387.5,66.65,929.75,1883.5,16.38,66.88,2678.5,177.83,313.1,615.75,13.57,30.61,12955.0,488.25,202.08,104.15,115.15,75.7,73.34,72.75,468.5
2019-02-21,183.41,81.79,58.45,2.83,290.3,1340.3,392.25,66.71,937.5,1919.75,16.0,66.95,2664.75,178.18,313.8,618.75,13.43,31.15,12901.5,493.5,203.4,102.15,115.18,78.3,74.99,75.68,473.5
2019-02-22,184.06,82.12,58.71,2.85,295.05,1345.5,392.5,66.77,937.25,1929.0,16.11,67.01,2707.0,178.36,313.2,618.5,13.51,31.2,13039.5,495.0,203.11,102.65,115.5,78.5,74.17,75.9,474.25
2019-02-25,181.75,81.3,56.88,2.9,295.3,1342.2,388.25,64.6,938.5,1921.0,16.02,64.75,2703.25,172.28,313.2,603.25,13.25,31.02,13023.0,477.75,197.62,102.6,115.55,77.4,74.33,74.55,459.5
2019-02-26,181.4,81.21,57.01,2.88,295.6,1341.3,384.5,65.13,930.5,1925.5,16.02,65.24,2725.0,174.05,311.1,610.0,13.08,30.74,13006.0,475.25,199.58,99.6,115.98,77.88,73.28,75.55,455.0
2019-02-27,183.23,81.61,58.33,2.89,296.8,1334.0,382.25,66.29,930.5,1936.25,15.86,66.45,2727.5,177.33,313.1,617.0,13.21,30.45,13099.5,473.25,201.92,101.7,116.15,78.2,73.58,75.83,455.25
2019-02-28,182.75,81.39,58.49,2.91,295.4,1328.9,379.5,66.09,924.0,1925.25,15.73,66.23,2758.5,176.59,309.8,615.5,13.03,30.59,13095.0,466.5,202.16,101.15,115.9,78.28,73.99,75.9,453.25
2019-03-01,181.5,80.97,57.11,2.94,293.8,1312.0,381.5,64.94,925.5,1930.75,15.35,65.03,2766.0,174.41,311.2,606.75,12.87,30.58,13235.0,463.25,199.44,102.85,116.28,77.98,74.85,75.53,453.25
2019-03-04,181.09,80.82,57.89,2.94,291.55,1300.2,383.25,65.62,930.0,1887.75,15.2,65.69,2734.0,176.21,314.2,613.5,12.59,30.41,13291.0,461.0,200.97,100.0,115.75,77.58,74.09,75.18,450.25
2019-03-05,181.9,81.19,57.87,2.96,293.95,1297.4,384.5,65.77,927.75,1885.75,15.2,65.86,2761.0,177.63,313.7,612.75,12.64,30.36,13683.5,468.0,201.26,102.3,115.75,78.58,75.45,76.3,459.25
2019-03-06,181.23,80.74,57.6,2.93,292.55,1300.3,381.0,65.72,915.75,1877.25,15.18,65.87,2770.0,179.02,309.9,610.75,12.38,30.11,13620.0,455.5,201.04,101.3,115.6,78.2,75.22,75.75,446.75
2019-03-07,180.87,80.52,57.95,2.95,291.75,1299.0,374.25,65.97,916.5,1875.25,15.13,66.16,2719.75,180.36,310.1,611.0,12.36,29.99,13267.0,445.0,200.96,99.55,116.53,77.98,74.3,75.53,437.0
2019-03-08,180.67,80.47,57.32,2.96,289.95,1312.3,373.5,65.39,909.75,1885.5,15.44,65.56,2698.0,179.01,307.6,599.5,12.37,29.96,13124.5,447.5,199.4,101.2,117.18,80.05,74.63,78.18,440.25
2019-03-11,180.5,80.26,57.97,2.89,290.65,1303.9,371.5,66.1,904.0,1858.0,15.37,66.34,2722.5,180.68,305.3,610.5,12.5,29.97,12927.5,437.0,199.75,100.0,116.65,81.95,74.44,79.95,429.75
2019-03-12,181.31,80.86,58.06,2.9,293.35,1310.7,375.5,66.19,911.0,1882.75,15.51,66.43,2822.0,180.23,307.0,609.75,12.54,30.31,13135.0,460.75,199.53,98.75,115.48,82.73,76.04,80.25,451.75
2019-03-13,183.41,81.53,59.32,2.94,294.0,1322.0,376.25,67.05,914.75,1914.0,15.55,67.31,2825.0,183.22,308.7,612.25,12.54,30.25,13240.0,455.25,200.7,100.35,115.63,84.08,76.81,80.83,445.5
2019-03-14,183.39,81.35,59.54,2.95,289.7,1307.6,379.5,66.71,912.25,1912.5,15.26,66.96,2805.0,182.2,309.7,613.25,12.57,29.89,12917.0,459.75,199.83,99.8,116.45,86.38,75.45,83.53,445.0
2019-03-15,183.87,81.58,59.44,2.9,291.3,1315.2,382.25,66.57,923.0,1906.5,15.42,66.86,2777.0,182.45,314.5,610.25,12.68,29.74,12956.0,468.25,198.32,100.45,117.73,89.38,76.6,86.53,451.75
2019-03-18,184.86,81.88,59.94,2.96,291.7,1313.9,380.75,66.8,919.25,1928.25,15.42,67.13,2767.0,184.04,313.5,610.5,13.01,29.76,13046.0,463.5,198.47,99.55,118.1,90.38,76.41,87.8,446.0
2019-03-19,185.24,82.09,59.88,2.96,293.05,1318.9,380.75,66.87,917.5,1954.25,15.47,67.19,2803.0,184.86,314.3,613.5,12.96,29.56,13170.0,462.75,199.82,99.4,118.73,90.08,76.72,87.25,445.0
2019-03-20,185.6,82.38,60.73,2.92,293.0,1314.0,381.0,67.61,919.5,1946.5,15.41,68.0,2849.0,187.08,315.2,622.75,12.95,29.6,13242.0,470.0,201.94,97.45,119.33,93.08,76.56,90.25,452.25
2019-03-21,185.37,82.35,60.43,2.93,291.5,1319.7,385.5,67.05,924.25,1909.0,15.53,67.43,2823.5,186.23,318.9,616.0,12.73,29.42,13016.0,471.5,200.0,97.55,119.98,97.58,78.03,94.75,455.25
2019-03-22,184.15,81.75,59.53,2.88,285.25,1324.8,387.5,66.11,917.25,1912.75,15.5,66.49,2804.5,185.15,318.2,602.75,12.74,28.98,13020.0,470.75,197.65,96.65,120.03,98.58,77.57,95.68,453.5
2019-03-25,184.31,81.92,59.33,2.88,286.6,1335.1,389.25,66.15,920.0,1891.25,15.66,66.54,2821.5,185.04,318.4,611.25,12.65,29.14,12988.0,475.0,198.93,96.9,117.98,98.65,78.51,95.55,457.5
2019-03-26,185.23,81.99,60.23,2.86,286.2,1327.4,387.0,66.64,914.25,1894.5,15.52,67.1,2863.0,186.51,314.8,613.5,12.74,28.98,13099.0,474.5,199.95,97.95,117.58,98.63,78.78,95.33,451.0
2019-03-27,183.94,81.56,59.77,2.83,287.05,1323.0,383.5,66.41,901.0,1917.75,15.39,66.87,2879.0,184.33,308.3,613.5,12.69,29.14,13086.0,475.0,198.98,96.45,116.65,98.23,77.92,94.8,452.25
2019-03-28,183.33,81.09,59.63,2.82,288.0,1301.4,383.75,66.24,903.0,1909.0,15.07,66.74,2860.5,183.3,310.2,605.75,12.63,28.96,12909.0,470.5,197.93,96.6,116.5,95.23,76.88,91.8,446.75
2019-03-29,183.75,81.09,60.4,2.77,294.2,1304.5,366.25,66.72,897.75,1919.0,15.2,67.21,2916.5,185.2,310.0,611.5,12.65,28.69,13008.0,463.5,197.99,97.05,115.68,92.2,78.31,88.55,437.75
2019-04-01,185.46,81.67,61.8,2.8,293.15,1300.3,371.0,68.0,908.75,1904.5,15.19,68.59,2927.5,187.45,312.9,614.0,12.78,28.9,13125.0,468.0,199.7,94.6,116.2,92.23,78.21,88.5,442.25
2019-04-02,186.37,81.86,62.6,2.78,291.35,1301.4,370.75,68.3,913.5,1894.5,15.15,68.93,2852.0,189.55,314.2,620.5,12.8,29.29,13156.0,468.5,201.82,94.2,116.25,95.03,78.03,91.5,440.75
2019-04-03,186.85,82.18,62.55,2.76,295.45,1301.3,372.0,68.28,912.25,1900.25,15.19,68.91,2926.0,191.1,314.7,618.5,12.55,29.13,13341.0,474.5,201.66,97.85,115.78,97.28,77.77,94.85,443.5
2019-04-04,187.04,82.23,62.26,2.74,291.65,1300.3,374.25,68.37,919.5,1898.25,15.18,69.02,2893.0,190.33,315.4,622.25,12.81,29.52,13169.0,473.75,202.11,97.8,118.23,100.25,78.01,97.85,445.25
2019-04-05,187.68,82.37,63.18,2.77,290.2,1301.7,371.0,69.21,912.0,1894.5,15.18,69.93,2918.0,192.84,311.7,624.0,12.87,29.48,13079.0,469.75,204.97,95.75,117.38,101.58,78.59,98.98,438.0
2019-04-08,188.7,82.77,64.22,2.81,293.9,1307.9,368.5,69.83,911.75,1874.0,15.31,70.61,2902.0,194.36,312.9,632.25,12.68,29.2,13189.0,468.75,206.37,95.5,117.73,100.98,79.0,98.15,439.0
2019-04-09,188.56,82.62,63.91,2.8,294.05,1314.3,368.5,69.41,911.75,1880.5,15.3,70.16,2857.5,194.68,312.8,630.5,12.9,29.35,13201.0,464.0,205.34,96.1,117.65,97.98,78.47,95.15,435.0
2019-04-10,189.66,83.06,64.67,2.8,293.35,1319.9,370.75,70.54,915.25,1866.0,15.34,71.3,2869.5,200.09,313.8,635.0,12.98,29.38,13225.0,461.5,209.39,96.75,117.0,99.45,78.46,96.45,432.75
2019-04-11,187.33,82.24,63.73,2.77,289.55,1299.3,368.75,69.69,908.75,1861.5,14.96,70.4,2861.0,197.8,311.0,637.5,12.82,29.31,12977.0,465.5,207.29,92.7,117.38,101.0,77.74,97.7,437.5
2019-04-12,188.36,82.71,64.1,2.76,295.25,1301.2,369.5,70.28,908.75,1863.5,15.05,71.06,2925.0,198.97,311.6,637.75,12.92,29.28,13022.0,468.5,207.85,92.95,118.2,101.35,78.86,98.5,441.25
2019-04-15,187.41,82.32,63.67,2.7,294.25,1297.4,371.5,70.03,912.5,1864.5,15.06,70.74,2899.5,197.11,314.7,633.75,12.79,29.11,12991.0,463.25,206.83,93.9,118.33,101.55,77.04,98.3,433.5
2019-04-16,187.28,81.97,64.26,2.68,293.9,1283.2,367.75,70.41,901.75,1855.75,15.0,71.21,2809.5,198.56,310.1,635.75,12.67,29.02,12952.0,448.5,208.89,92.95,119.33,101.18,78.56,97.13,422.5
2019-04-17,186.6,81.66,63.94,2.62,297.35,1282.8,367.0,70.26,892.5,1850.0,15.02,71.09,2819.5,198.6,307.6,638.5,12.53,28.78,12893.0,450.25,207.68,89.65,119.55,100.63,78.96,96.13,426.25
2019-04-18,187.13,81.71,64.12,2.6,292.65,1282.0,367.25,70.55,894.25,1867.5,15.04,71.43,2770.0,200.45,306.8,638.0,12.98,29.09,12673.0,448.25,208.01,92.9,119.75,100.55,78.27,96.75,425.75
2019-04-23,187.58,81.64,66.24,2.56,290.0,1279.2,360.25,72.8,875.5,1864.5,14.87,73.89,2753.0,205.05,304.5,651.5,12.9,28.37,12389.0,445.0,212.61,93.25,118.2,97.2,77.91,92.38,421.0
2019-04-24,186.49,81.43,65.89,2.56,291.6,1285.4,356.0,72.74,868.75,1870.75,15.0,73.84,2749.5,204.38,304.0,648.0,12.9,28.22,12403.5,438.5,210.71,92.35,115.83,97.65,77.12,92.78,411.5
2019-04-25,185.96,81.22,65.28,2.6,286.75,1285.7,357.25,72.43,872.75,1855.75,14.96,73.63,2749.0,204.63,309.6,649.5,12.69,27.94,12319.0,441.5,210.67,93.35,112.93,94.65,78.32,89.78,411.5
2019-04-26,184.66,80.76,63.38,2.63,289.4,1294.8,361.25,70.45,867.0,1835.5,15.09,71.63,2777.5,201.4,303.7,626.25,12.65,27.84,12418.0,442.5,205.71,94.1,112.65,93.45,77.7,88.75,407.5
2019-04-29,184.18,80.54,63.57,2.64,289.7,1287.5,361.75,70.39,860.75,1825.0,14.93,71.54,2803.5,199.96,300.9,632.5,12.33,28.19,12401.5,435.25,205.85,92.65,112.55,92.55,76.95,88.05,397.0
2019-04-30,184.25,80.57,63.98,2.62,290.4,1291.7,362.5,70.91,854.0,1793.0,14.98,72.06,2842.0,203.32,300.1,638.5,12.34,27.88,12191.0,428.75,208.17,93.15,111.78,92.38,76.78,88.23,394.0
2019-05-01,183.66,80.42,63.69,2.66,280.15,1290.2,368.5,70.95,851.75,1810.75,14.73,72.18,2785.0,203.06,300.3,637.75,12.21,27.65,12151.0,436.0,209.7,91.1,110.98,95.38,76.71,91.23,400.0
2019-05-02,181.9,79.7,61.9,2.62,277.95,1277.8,370.5,69.43,843.25,1810.5,14.62,70.75,2745.0,198.44,296.9,631.5,12.23,27.5,12117.0,444.0,207.88,91.55,110.18,95.53,75.45,92.75,405.0
2019-05-03,181.77,79.84,62.04,2.6,281.9,1287.2,370.75,69.37,842.25,1789.5,14.98,70.85,2783.5,199.21,298.2,640.25,12.01,27.35,12174.0,438.0,207.17,90.6,109.15,95.68,75.68,92.75,401.5
2019-05-07,179.49,78.97,61.51,2.57,278.55,1291.6,366.5,68.42,830.75,1808.75,14.93,69.88,2706.0,192.07,293.2,628.25,11.95,27.1,12032.0,439.5,203.95,88.0,109.08,92.13,73.18,89.25,404.0
2019-05-08,179.75,79.0,62.22,2.65,277.45,1287.4,364.25,69.02,827.25,1789.25,14.86,70.37,2661.5,194.32,292.9,633.75,11.65,27.0,11935.0,439.0,205.73,88.55,107.4,90.75,72.31,88.55,403.5
2019-05-09,179.01,78.56,61.81,2.63,277.15,1291.2,353.25,68.79,812.75,1791.0,14.77,70.39,2619.5,194.36,289.1,626.5,11.78,26.63,11768.0,429.5,204.52,90.85,107.6,90.98,70.23,90.0,397.75
2019-05-10,178.95,78.66,61.8,2.66,277.45,1293.3,351.75,68.88,809.25,1800.25,14.79,70.62,2640.5,195.46,287.3,633.25,11.72,26.79,11913.0,424.75,205.2,90.8,108.9,90.75,68.45,89.68,387.0
